Digested Peptide,,Amino acid,Mass
GLVLIAFSQYLQQCPFDEHV K,,A,71.0788
WVTFISLLLLFSSAYSR,,R,156.1875
DAIPENLPPLTADFAEDK,,N,114.1038
HPYFYAPELLYYANK,,D,115.0886
LFTFHADICTLPDTEK,,C,103.1388
RPCFSALTPDETYVPK,,E,129.1155
MPCTEDYLSLILNR,,Q,128.1307
YNGVFQECCQAEDK,,G,57.0519
ECCHGDLLECADDR,,H,137.1411
DAFLGSFLYEYSR,,I,113.1594
LKPDPNTLCDEFK,,L,113.1594
VPQVSTPTLVEVSR,,K,128.1741
DDPHACYSTVFDK,,M,131.1926
LGEYGFQNALIVR,,F,147.1766
TVMENFVAFVDK,,P,97.1167
EYEATLEECCAK,,S,87.0782
YICDNQDTISSK,,T,101.1051
ETYGDMADCCEK,,W,186.2132
SLHTLFGDELCK,,Y,163.176
TCVADESHAGCEK,,V,99.1326
HLVDEPQNLIK,,,
HPEYAVSVLLR,,,
ECCDKPLLEK,,,
LVNELTEFAK,,,
CCTKPESER,,,
EACFAVEGPK,,,
CCTESLVNR,,,
SHCIAEVEK,,,
QTALVELLK,,,
QNCDQFEK,,,
LVVSTQTALA,,,
NECFLSHK,,,
DLGEEHFK,,,
YLYEIAR,,,
AEFVEVTK,,,
DDSPDLPK,,,
LCVLHEK,,,
ATEEQLK,,,
LVTDLTK,,,
NYQEAK,,,
CCAADDK,,,
SEIAHR,,,
VLASSAR,,,
GACLLPK,,,
AWSVAR,,,
TPVSEK,,,
QEPER,,,
IETMR,,,
CASIQK,,,
AFDEK,,,
VASLR,,,
FWGK,,,
ADLAK,,,
HKPK,,,
FGER,,,
DTHK,,,
LLPLLALLALW,,,
GPDPAAAF,,,
"VNQHLCGSHLVEALY	",,,
LVCGER,,,
ALGTSDSPVLF,,,
VTTELVW,,,
EPSPEVSCCGLWPR,,,
RPQR,,,
SVDSSLGGLSR,,,
SSTVASLDTDSTK,,,
SSGQSNNNSDTCAEF,,,
VGAIEK,,,
LSEGK,,,
GLEGPLDLINY,,,
IDVAQQDGK,,,
VPPEEEF,,,
IMGVSK,,,
VSTSDQY,,,
DVLHR,,,
HALY,,,
LIIR,,,
DDGLGAGK,,,
SLLALK,,,
TTDASNEEY,,,
QCNSLEQAQAICK,,,
VLSTAF,,,
DSVLTSEKP,,,
NPEVPVNF,,,
VQTCR,,,
EEHK,,,
TMSGK,,,
DEMAK,,,
GPAK,,,
DPNAPK,,,
RPPSGF,,,
STNPGISIGDVAK,,,
CSEF,,,
NNLNDSEK,,,
LGEMW,,,
TEHSPLTPHR,,,
DLCSR,,,
SDLTALTESY,,,
HQGLNK,,,
SELTEAER,,,
"LQENLQAY	",,,
HVLLAR,,,
LLEDQQVHF,,,
TPTEGDF,,,
HQAIHTLLLQVAAF,,,
VLQELSQW,,,
QIEELMILLEY,,,
SIHDLR,,,
ISSHQTGIPAR,,,
GSHY,,,
"IANNK	",,,
MGNSK,,,
SGALSK,,,
"EILEELQLNTK	",,,
SEEELCSW,,,
DCPTGR,,,
ITQQQF,,,
QSIY,,,
FPDTDPK,,,
AQHVF,,,
DSNLDGTLDF,,,
VIALHMTTAGK,,,
DVDGNGTISK,,,
NEVLEIVMAIF,,,
MITPEDVK,,,
LLPDDENTPEK,,,
NDDDK,,,
IEGTLANK,,,
EPQK,,,
EILR,,,
LLLIGDSGVGK,,,
DLLF,,,
TCVLF,,,
SDDAF,,,
NTTF,,,
ISTIGIDF,,,
TVELQGK,,,
LQIW,,,
DTAGQER,,,
HTITTSY,,,
GAMGIMLVY,,,
DITNGK,,,
ENISK,,,
NIDEHANEDVER,,,
MLLGNK,,,
CDMDDK,,,
GEQIAR,,,
EHGIR,,,
ETSAK,,,
ANINIEK,,,
LTLAEDILR,,,
TPVK,,,
MANIAVQR,,,
SEETSK,,,
GEIAGPPDTPY,,,
VDLVDENF,,,
IPETYPF,,,
QLEIK,,,
HPNISSVTGAICLDILK,,,
AAAMTLR,,,
QNPEMF,,,
AGAPVSSPEY,,,
IENLCAMGF,,,
NAVIVALSSK,,,
DVETATELLLSN,,,
MAQQR,,,
ALPQSK,,,
ETLLQSY,,,
SIMDNF,,,
TEIIK,,,
IEDETQVSR,,,
ATQGEQDNY,,,
EMHVR,,,
AANIVR,,,
AGESLMK,,,
LVSDLK,,,
NQQLR,,,
TLQEECDR,,,
LITLR,,,
DEISIDLY,,,
ELEEEY,,,
MEQTEVLKPR,,,
TLADLIR,,,
ILHQLF,,,
